HTTrack3.49-2+htsswf+htsjava launched on Wed, 27 Jul 2022 09:01:59 at https://themepanthers.com/wp/creote/v-new/ +*.png +*.gif +*.jpg +*.jpeg +*.css +*.js -ad.doubleclick.net/* -mime:application/foobar
(winhttrack -qwC2%Ps2u1%s%uN0%I0p3DaK0H0%kf2A25000%f#f -F "Mozilla/4.5 (compatible; HTTrack 3.0x; Windows 98)" -%F "<!-- Mirrored from %s%s by HTTrack Website Copier/3.x [XR&CO'2014], %s -->" -%l "en, *" https://themepanthers.com/wp/creote/v-new/ -O1 "D:\Project\Scomptec\1. Tampilan\Template Sela New 2" +*.png +*.gif +*.jpg +*.jpeg +*.css +*.js -ad.doubleclick.net/* -mime:application/foobar )

Information, Warnings and Errors reported for this mirror:
note:	the hts-log.txt file, and hts-cache folder, may contain sensitive information,
	such as username/password authentication for websites mirrored in this project
	do not share these files/folders if you want these information to remain private

09:03:02	Error: 	"Method Not Allowed" (405) at link https://themepanthers.com/wp/creote/v-new/xmlrpc.php (from https://themepanthers.com/wp/creote/v-new/)
09:06:33	Warning: 	Found for https://themepanthers.com/wp/creote/v-new/checkout/
09:06:33	Warning: 	File has moved from https://themepanthers.com/wp/creote/v-new/checkout/ to https://themepanthers.com/wp/creote/v-new/cart/
09:07:05	Error: 	"Not Found" (404) at link https://themepanthers.com/wp/creote/v-new/wp-content/plugins/creote-addons/assets/css/owl.video.play.png (from https://themepanthers.com/wp/creote/v-new/wp-content/litespeed/css/463c3224a3e36999ea15dad0299dead3.css?ver=b9a1a)
09:07:06	Error: 	"Not Found" (404) at link https://themepanthers.com/wp/creote/v-new/wp-content/themes/creote/assets/webfonts/fontawesome-webfont.ttf?v=4.7.0 (from https://themepanthers.com/wp/creote/v-new/wp-content/litespeed/css/463c3224a3e36999ea15dad0299dead3.css?ver=b9a1a)
09:07:07	Warning: 	Moved Permanently for https://themepanthers.com/wp/creote/v-new/?p=1609
09:07:07	Warning: 	File has moved from https://themepanthers.com/wp/creote/v-new/?p=1609 to https://themepanthers.com/wp/creote/v-new/home-page-four/
09:07:12	Warning: 	Moved Permanently for https://themepanthers.com/wp/creote/v-new/?p=2938
09:07:12	Warning: 	File has moved from https://themepanthers.com/wp/creote/v-new/?p=2938 to https://themepanthers.com/wp/creote/v-new/home-page-seven/
09:07:12	Warning: 	Moved Permanently for https://themepanthers.com/wp/creote/v-new/?p=4919
09:07:12	Warning: 	File has moved from https://themepanthers.com/wp/creote/v-new/?p=4919 to https://themepanthers.com/wp/creote/v-new/home-page-ten/
09:07:12	Error: 	"Not Found" (404) at link https://themepanthers.com/wp/creote/v-new/home-page-ten/steelthemes.com (from https://themepanthers.com/wp/creote/v-new/home-page-ten/)
09:07:12	Warning: 	Moved Permanently for https://themepanthers.com/wp/creote/v-new/?p=2200
09:07:12	Warning: 	File has moved from https://themepanthers.com/wp/creote/v-new/?p=2200 to https://themepanthers.com/wp/creote/v-new/home-page-two/
09:07:12	Warning: 	Moved Permanently for https://themepanthers.com/wp/creote/v-new/?p=1862
09:07:12	Warning: 	File has moved from https://themepanthers.com/wp/creote/v-new/?p=1862 to https://themepanthers.com/wp/creote/v-new/home-page-five/
09:07:12	Warning: 	Moved Permanently for https://themepanthers.com/wp/creote/v-new/?p=3766
09:07:12	Warning: 	File has moved from https://themepanthers.com/wp/creote/v-new/?p=3766 to https://themepanthers.com/wp/creote/v-new/home-page-eight/
09:08:37	Warning: 	Moved Permanently for https://themepanthers.com/wp/creote/v-new/?p=5255
09:08:37	Warning: 	File has moved from https://themepanthers.com/wp/creote/v-new/?p=5255 to https://themepanthers.com/wp/creote/v-new/home-page-eleven/
09:08:38	Warning: 	Moved Permanently for https://themepanthers.com/wp/creote/v-new/?p=8
09:08:38	Warning: 	File has moved from https://themepanthers.com/wp/creote/v-new/?p=8 to https://themepanthers.com/wp/creote/v-new/home-page-three/
09:08:38	Warning: 	Moved Permanently for https://themepanthers.com/wp/creote/v-new/?p=2076
09:08:38	Warning: 	File has moved from https://themepanthers.com/wp/creote/v-new/?p=2076 to https://themepanthers.com/wp/creote/v-new/home-page-six/
09:08:38	Warning: 	Moved Permanently for https://themepanthers.com/wp/creote/v-new/?p=4733
09:08:38	Warning: 	File has moved from https://themepanthers.com/wp/creote/v-new/?p=4733 to https://themepanthers.com/wp/creote/v-new/home-page-nine/
09:08:38	Warning: 	Moved Permanently for https://themepanthers.com/wp/creote/v-new/?p=5270
09:08:38	Warning: 	File has moved from https://themepanthers.com/wp/creote/v-new/?p=5270 to https://themepanthers.com/wp/creote/v-new/home-page-twelve/
09:08:46	Warning: 	Retry after error -4 (Connect Error) at link localhost/creote-error/wp-content/uploads/2022/03/pattern.jpg (from https://themepanthers.com/wp/creote/v-new/home-page-twelve/)
09:08:46	Warning: 	Moved Permanently for https://themepanthers.com/wp/creote/v-new/?p=10
09:08:46	Warning: 	File has moved from https://themepanthers.com/wp/creote/v-new/?p=10 to https://themepanthers.com/wp/creote/v-new/about-us/
09:08:46	Warning: 	Moved Permanently for https://themepanthers.com/wp/creote/v-new/?p=476
09:08:46	Warning: 	File has moved from https://themepanthers.com/wp/creote/v-new/?p=476 to https://themepanthers.com/wp/creote/v-new/service-classic/
09:08:46	Warning: 	Moved Permanently for https://themepanthers.com/wp/creote/v-new/?p=15
09:08:46	Warning: 	File has moved from https://themepanthers.com/wp/creote/v-new/?p=15 to https://themepanthers.com/wp/creote/v-new/service-default/
09:08:46	Error: 	"Not Found" (404) at link https://themepanthers.com/wp/creote/v-new/service/health-care-benefits/feed/ (from https://themepanthers.com/wp/creote/v-new/service/health-care-benefits/)
09:08:46	Warning: 	Moved Permanently for https://themepanthers.com/wp/creote/v-new/?p=490
09:08:46	Warning: 	File has moved from https://themepanthers.com/wp/creote/v-new/?p=490 to https://themepanthers.com/wp/creote/v-new/service/health-care-benefits/
09:08:51	Warning: 	Moved Permanently for https://themepanthers.com/wp/creote/v-new/?p=5477
09:08:51	Warning: 	File has moved from https://themepanthers.com/wp/creote/v-new/?p=5477 to https://themepanthers.com/wp/creote/v-new/jobs/
09:08:51	Warning: 	Moved Permanently for https://themepanthers.com/wp/creote/v-new/?p=5476
09:08:51	Warning: 	File has moved from https://themepanthers.com/wp/creote/v-new/?p=5476 to https://themepanthers.com/wp/creote/v-new/job-dashboard/
09:08:59	Warning: 	Moved Permanently for https://themepanthers.com/wp/creote/v-new/?p=5475
09:08:59	Warning: 	File has moved from https://themepanthers.com/wp/creote/v-new/?p=5475 to https://themepanthers.com/wp/creote/v-new/post-a-job/
09:08:59	Warning: 	Moved Permanently for https://themepanthers.com/wp/creote/v-new/?p=13
09:08:59	Warning: 	File has moved from https://themepanthers.com/wp/creote/v-new/?p=13 to https://themepanthers.com/wp/creote/v-new/pricing-packages/
09:08:59	Warning: 	Moved Permanently for https://themepanthers.com/wp/creote/v-new/?p=14
09:08:59	Warning: 	File has moved from https://themepanthers.com/wp/creote/v-new/?p=14 to https://themepanthers.com/wp/creote/v-new/our-team/
09:08:59	Warning: 	Moved Permanently for https://themepanthers.com/wp/creote/v-new/?p=12
09:08:59	Warning: 	File has moved from https://themepanthers.com/wp/creote/v-new/?p=12 to https://themepanthers.com/wp/creote/v-new/faqs/
09:08:59	Warning: 	Moved Permanently for https://themepanthers.com/wp/creote/v-new/?p=77
09:08:59	Warning: 	File has moved from https://themepanthers.com/wp/creote/v-new/?p=77 to https://themepanthers.com/wp/creote/v-new/contact/
09:08:59	Warning: 	Moved Permanently for https://themepanthers.com/wp/creote/v-new/?p=11
09:08:59	Warning: 	File has moved from https://themepanthers.com/wp/creote/v-new/?p=11 to https://themepanthers.com/wp/creote/v-new/coming-soon/
09:09:10	Warning: 	Moved Permanently for https://themepanthers.com/wp/creote/v-new/?p=18
09:09:10	Warning: 	File has moved from https://themepanthers.com/wp/creote/v-new/?p=18 to https://themepanthers.com/wp/creote/v-new/blog-modern-01/
09:09:11	Warning: 	Moved Permanently for https://themepanthers.com/wp/creote/v-new/?p=19
09:09:11	Warning: 	File has moved from https://themepanthers.com/wp/creote/v-new/?p=19 to https://themepanthers.com/wp/creote/v-new/blog-modern-02/
09:09:12	Warning: 	Moved Permanently for https://themepanthers.com/wp/creote/v-new/?p=20
09:09:12	Warning: 	File has moved from https://themepanthers.com/wp/creote/v-new/?p=20 to https://themepanthers.com/wp/creote/v-new/blog-simple/
09:09:14	Warning: 	Moved Permanently for https://themepanthers.com/wp/creote/v-new/?p=17
09:09:14	Warning: 	File has moved from https://themepanthers.com/wp/creote/v-new/?p=17 to https://themepanthers.com/wp/creote/v-new/blog-list-view/
09:09:23	Warning: 	Moved Permanently for https://themepanthers.com/wp/creote/v-new/?p=21
09:09:23	Warning: 	File has moved from https://themepanthers.com/wp/creote/v-new/?p=21 to https://themepanthers.com/wp/creote/v-new/metro-fullwidth/
09:09:26	Warning: 	Moved Permanently for https://themepanthers.com/wp/creote/v-new/?p=350
09:09:26	Warning: 	File has moved from https://themepanthers.com/wp/creote/v-new/?p=350 to https://themepanthers.com/wp/creote/v-new/why-should-business-payroll-outsourcing/
09:09:26	Warning: 	Moved Permanently for https://themepanthers.com/wp/creote/v-new/?p=58
09:09:26	Warning: 	File has moved from https://themepanthers.com/wp/creote/v-new/?p=58 to https://themepanthers.com/wp/creote/v-new/1-column-grid/
09:09:26	Warning: 	Moved Permanently for https://themepanthers.com/wp/creote/v-new/?p=59
09:09:26	Warning: 	File has moved from https://themepanthers.com/wp/creote/v-new/?p=59 to https://themepanthers.com/wp/creote/v-new/1-column-ws/
09:09:26	Warning: 	Moved Permanently for https://themepanthers.com/wp/creote/v-new/?p=60
09:09:26	Warning: 	File has moved from https://themepanthers.com/wp/creote/v-new/?p=60 to https://themepanthers.com/wp/creote/v-new/2-columns-grid/
09:09:26	Warning: 	Moved Permanently for https://themepanthers.com/wp/creote/v-new/?p=61
09:09:26	Warning: 	File has moved from https://themepanthers.com/wp/creote/v-new/?p=61 to https://themepanthers.com/wp/creote/v-new/3-columns-grid/
09:09:26	Warning: 	Moved Permanently for https://themepanthers.com/wp/creote/v-new/?p=62
09:09:26	Warning: 	File has moved from https://themepanthers.com/wp/creote/v-new/?p=62 to https://themepanthers.com/wp/creote/v-new/3-columns-overlay/
09:09:26	Error: 	"Not Found" (404) at link https://themepanthers.com/wp/creote/v-new/project/company-values-the-relationship/feed/ (from https://themepanthers.com/wp/creote/v-new/project/company-values-the-relationship/)
09:09:26	Warning: 	Moved Permanently for https://themepanthers.com/wp/creote/v-new/?p=504
09:09:26	Warning: 	File has moved from https://themepanthers.com/wp/creote/v-new/?p=504 to https://themepanthers.com/wp/creote/v-new/project/company-values-the-relationship/
09:10:43	Warning: 	Moved Permanently for https://themepanthers.com/wp/creote/v-new/?p=2666
09:10:43	Warning: 	File has moved from https://themepanthers.com/wp/creote/v-new/?p=2666 to https://themepanthers.com/wp/creote/v-new/products/
09:12:22	Warning: 	Moved Permanently for https://themepanthers.com/wp/creote/v-new/?p=2650
09:12:22	Warning: 	File has moved from https://themepanthers.com/wp/creote/v-new/?p=2650 to https://themepanthers.com/wp/creote/v-new/product/esssays-change-you-think/
09:12:49	Warning: 	Moved Permanently for https://themepanthers.com/wp/creote/v-new/?p=2664
09:12:49	Warning: 	File has moved from https://themepanthers.com/wp/creote/v-new/?p=2664 to https://themepanthers.com/wp/creote/v-new/product/start-living-the-adventures-of-yes/
09:12:56	Warning: 	Moved Permanently for https://themepanthers.com/wp/creote/v-new/?p=2534
09:12:56	Warning: 	File has moved from https://themepanthers.com/wp/creote/v-new/?p=2534 to https://themepanthers.com/wp/creote/v-new/my-account/
09:12:57	Warning: 	Moved Permanently for https://themepanthers.com/wp/creote/v-new/?p=2639
09:12:57	Warning: 	File has moved from https://themepanthers.com/wp/creote/v-new/?p=2639 to https://themepanthers.com/wp/creote/v-new/wishlist/
09:12:57	Warning: 	Moved Permanently for https://themepanthers.com/wp/creote/v-new/?p=2532
09:12:57	Warning: 	File has moved from https://themepanthers.com/wp/creote/v-new/?p=2532 to https://themepanthers.com/wp/creote/v-new/cart/
09:12:57	Error: 	"Not Found" (404) at link https://themepanthers.com/wp/creote/v-new/service/talent-management/feed/ (from https://themepanthers.com/wp/creote/v-new/service/talent-management/)
09:12:57	Warning: 	Moved Permanently for https://themepanthers.com/wp/creote/v-new/?p=494
09:12:57	Warning: 	File has moved from https://themepanthers.com/wp/creote/v-new/?p=494 to https://themepanthers.com/wp/creote/v-new/service/talent-management/
09:12:57	Error: 	"Not Found" (404) at link https://themepanthers.com/wp/creote/v-new/service/recruitment-process/feed/ (from https://themepanthers.com/wp/creote/v-new/service/recruitment-process/)
09:12:57	Warning: 	Moved Permanently for https://themepanthers.com/wp/creote/v-new/?p=469
09:12:57	Warning: 	File has moved from https://themepanthers.com/wp/creote/v-new/?p=469 to https://themepanthers.com/wp/creote/v-new/service/recruitment-process/
09:12:57	Error: 	"Not Found" (404) at link https://themepanthers.com/wp/creote/v-new/service/employee-relations/feed/ (from https://themepanthers.com/wp/creote/v-new/service/employee-relations/)
09:12:57	Warning: 	Moved Permanently for https://themepanthers.com/wp/creote/v-new/?p=472
09:12:57	Warning: 	File has moved from https://themepanthers.com/wp/creote/v-new/?p=472 to https://themepanthers.com/wp/creote/v-new/service/employee-relations/
09:12:57	Error: 	"Not Found" (404) at link https://themepanthers.com/wp/creote/v-new/service/compliance-audits/feed/ (from https://themepanthers.com/wp/creote/v-new/service/compliance-audits/)
09:12:57	Warning: 	Moved Permanently for https://themepanthers.com/wp/creote/v-new/?p=474
09:12:57	Warning: 	File has moved from https://themepanthers.com/wp/creote/v-new/?p=474 to https://themepanthers.com/wp/creote/v-new/service/compliance-audits/
09:12:57	Error: 	"Not Found" (404) at link https://themepanthers.com/wp/creote/v-new/project/shared-time-human-resources-management/feed/ (from https://themepanthers.com/wp/creote/v-new/project/shared-time-human-resources-management/)
09:12:57	Warning: 	Moved Permanently for https://themepanthers.com/wp/creote/v-new/?p=524
09:12:57	Warning: 	File has moved from https://themepanthers.com/wp/creote/v-new/?p=524 to https://themepanthers.com/wp/creote/v-new/project/shared-time-human-resources-management/
09:12:57	Error: 	"Not Found" (404) at link https://themepanthers.com/wp/creote/v-new/project/six-essential-steps-to-writing-successful-job/feed/ (from https://themepanthers.com/wp/creote/v-new/project/six-essential-steps-to-writing-successful-job/)
09:12:57	Warning: 	Moved Permanently for https://themepanthers.com/wp/creote/v-new/?p=520
09:12:57	Warning: 	File has moved from https://themepanthers.com/wp/creote/v-new/?p=520 to https://themepanthers.com/wp/creote/v-new/project/six-essential-steps-to-writing-successful-job/
09:12:57	Error: 	"Not Found" (404) at link https://themepanthers.com/wp/creote/v-new/project/time-hr-prepares-plastic-contract-manufacturer/feed/ (from https://themepanthers.com/wp/creote/v-new/project/time-hr-prepares-plastic-contract-manufacturer/)
09:12:57	Warning: 	Moved Permanently for https://themepanthers.com/wp/creote/v-new/?p=517
09:12:57	Warning: 	File has moved from https://themepanthers.com/wp/creote/v-new/?p=517 to https://themepanthers.com/wp/creote/v-new/project/time-hr-prepares-plastic-contract-manufacturer/
09:12:57	Error: 	"Not Found" (404) at link https://themepanthers.com/wp/creote/v-new/project/essential-steps-to-writing-job-description/feed/ (from https://themepanthers.com/wp/creote/v-new/project/essential-steps-to-writing-job-description/)
09:12:57	Warning: 	Moved Permanently for https://themepanthers.com/wp/creote/v-new/?p=510
09:12:57	Warning: 	File has moved from https://themepanthers.com/wp/creote/v-new/?p=510 to https://themepanthers.com/wp/creote/v-new/project/essential-steps-to-writing-job-description/
09:12:57	Warning: 	Moved Permanently for https://themepanthers.com/wp/creote/v-new/?p=340
09:12:57	Warning: 	File has moved from https://themepanthers.com/wp/creote/v-new/?p=340 to https://themepanthers.com/wp/creote/v-new/how-to-handle-employee-with-works/
09:12:57	Warning: 	Moved Permanently for https://themepanthers.com/wp/creote/v-new/?p=325
09:12:57	Warning: 	File has moved from https://themepanthers.com/wp/creote/v-new/?p=325 to https://themepanthers.com/wp/creote/v-new/how-to-handle-your-good-employee/
09:12:57	Warning: 	Moved Permanently for https://themepanthers.com/wp/creote/v-new/?p=598
09:12:57	Warning: 	File has moved from https://themepanthers.com/wp/creote/v-new/?p=598 to https://themepanthers.com/wp/creote/v-new/workplace-banter-cause-problems-in-your-business/
09:12:57	Warning: 	Moved Permanently for https://themepanthers.com/wp/creote/v-new/?p=320
09:12:57	Warning: 	File has moved from https://themepanthers.com/wp/creote/v-new/?p=320 to https://themepanthers.com/wp/creote/v-new/workforce-challenges-opportunities/
09:12:57	Warning: 	Moved Permanently for https://themepanthers.com/wp/creote/v-new/?p=330
09:12:57	Warning: 	File has moved from https://themepanthers.com/wp/creote/v-new/?p=330 to https://themepanthers.com/wp/creote/v-new/understanding-executive-coaching/
09:12:57	Warning: 	Moved Permanently for https://themepanthers.com/wp/creote/v-new/?p=345
09:12:57	Warning: 	File has moved from https://themepanthers.com/wp/creote/v-new/?p=345 to https://themepanthers.com/wp/creote/v-new/most-employees-support-measures-to-prevent-spread/
09:12:57	Warning: 	Moved Permanently for https://themepanthers.com/wp/creote/v-new/?p=335
09:12:57	Warning: 	File has moved from https://themepanthers.com/wp/creote/v-new/?p=335 to https://themepanthers.com/wp/creote/v-new/retaining-good-employees-motivated/
09:12:57	Error: 	"Not Found" (404) at link https://themepanthers.com/wp/creote/v-new/service/risk-management/feed/ (from https://themepanthers.com/wp/creote/v-new/service/risk-management/)
09:12:57	Warning: 	Moved Permanently for https://themepanthers.com/wp/creote/v-new/?p=487
09:12:57	Warning: 	File has moved from https://themepanthers.com/wp/creote/v-new/?p=487 to https://themepanthers.com/wp/creote/v-new/service/risk-management/
09:12:57	Error: 	"Not Found" (404) at link https://themepanthers.com/wp/creote/v-new/project/complex-dismissal-for-a-small-company/feed/ (from https://themepanthers.com/wp/creote/v-new/project/complex-dismissal-for-a-small-company/)
09:12:57	Warning: 	Moved Permanently for https://themepanthers.com/wp/creote/v-new/?p=507
09:12:57	Warning: 	File has moved from https://themepanthers.com/wp/creote/v-new/?p=507 to https://themepanthers.com/wp/creote/v-new/project/complex-dismissal-for-a-small-company/
09:12:57	Warning: 	Moved Permanently for https://themepanthers.com/wp/creote/v-new/?p=250
09:12:57	Warning: 	File has moved from https://themepanthers.com/wp/creote/v-new/?p=250 to https://themepanthers.com/wp/creote/v-new/policies-procedures-for-startups/
09:12:57	Warning: 	Moved Permanently for https://themepanthers.com/wp/creote/v-new/?p=3978
09:12:57	Warning: 	File has moved from https://themepanthers.com/wp/creote/v-new/?p=3978 to https://themepanthers.com/wp/creote/v-new/product/amp-light-small/
09:13:04	Warning: 	Moved Permanently for https://themepanthers.com/wp/creote/v-new/?p=3976
09:13:04	Warning: 	File has moved from https://themepanthers.com/wp/creote/v-new/?p=3976 to https://themepanthers.com/wp/creote/v-new/product/chesterfield-sofa/
09:13:09	Warning: 	Moved Permanently for https://themepanthers.com/wp/creote/v-new/?p=3973
09:13:09	Warning: 	File has moved from https://themepanthers.com/wp/creote/v-new/?p=3973 to https://themepanthers.com/wp/creote/v-new/product/pendant-lamp/
09:13:13	Warning: 	Moved Permanently for https://themepanthers.com/wp/creote/v-new/?p=3971
09:13:13	Warning: 	File has moved from https://themepanthers.com/wp/creote/v-new/?p=3971 to https://themepanthers.com/wp/creote/v-new/product/zunkel-schwarz/
09:13:18	Warning: 	Moved Permanently for https://themepanthers.com/wp/creote/v-new/?p=3969
09:13:18	Warning: 	File has moved from https://themepanthers.com/wp/creote/v-new/?p=3969 to https://themepanthers.com/wp/creote/v-new/product/chair-oak-lacquered/
09:13:22	Warning: 	Moved Permanently for https://themepanthers.com/wp/creote/v-new/?p=3967
09:13:22	Warning: 	File has moved from https://themepanthers.com/wp/creote/v-new/?p=3967 to https://themepanthers.com/wp/creote/v-new/product/unfold-pendant-lamp/
09:13:26	Warning: 	Moved Permanently for https://themepanthers.com/wp/creote/v-new/?p=3965
09:13:26	Warning: 	File has moved from https://themepanthers.com/wp/creote/v-new/?p=3965 to https://themepanthers.com/wp/creote/v-new/product/wishbone-chair/
09:13:31	Warning: 	Moved Permanently for https://themepanthers.com/wp/creote/v-new/?p=3951
09:13:31	Warning: 	File has moved from https://themepanthers.com/wp/creote/v-new/?p=3951 to https://themepanthers.com/wp/creote/v-new/product/cork-plant-stand/
09:13:35	Warning: 	Moved Permanently for https://themepanthers.com/wp/creote/v-new/?p=3983
09:13:35	Warning: 	File has moved from https://themepanthers.com/wp/creote/v-new/?p=3983 to https://themepanthers.com/wp/creote/v-new/my-bedside-table-the-fashion-designer/
09:13:35	Warning: 	Moved Permanently for https://themepanthers.com/wp/creote/v-new/?p=4016
09:13:35	Warning: 	File has moved from https://themepanthers.com/wp/creote/v-new/?p=4016 to https://themepanthers.com/wp/creote/v-new/shining-a-new-light-on-marsha-p-jonson/
09:13:35	Warning: 	Moved Permanently for https://themepanthers.com/wp/creote/v-new/?p=4027
09:13:35	Warning: 	File has moved from https://themepanthers.com/wp/creote/v-new/?p=4027 to https://themepanthers.com/wp/creote/v-new/home-tour-cleo-mcshane-murnane/
09:13:36	Warning: 	Moved Permanently for https://themepanthers.com/wp/creote/v-new/?p=5432
09:13:36	Warning: 	File has moved from https://themepanthers.com/wp/creote/v-new/?p=5432 to https://themepanthers.com/wp/creote/v-new/job/junior-graphic-designer-web/
09:13:36	Warning: 	Moved Permanently for https://themepanthers.com/wp/creote/v-new/?p=5700
09:13:36	Warning: 	File has moved from https://themepanthers.com/wp/creote/v-new/?p=5700 to https://themepanthers.com/wp/creote/v-new/job/finance-manager-health/
09:13:36	Warning: 	Moved Permanently for https://themepanthers.com/wp/creote/v-new/?p=5699
09:13:36	Warning: 	File has moved from https://themepanthers.com/wp/creote/v-new/?p=5699 to https://themepanthers.com/wp/creote/v-new/job/assistant-store-keeper/
09:13:36	Warning: 	Retry after error -4 (Connect Error) at link localhost/creote-error/wp-content/uploads/2022/03/pattern.jpg (from https://themepanthers.com/wp/creote/v-new/home-page-twelve/)
09:13:36	Warning: 	Warning: store application/octet-stream without scan: D:/Project/Scomptec/1. Tampilan/Template Sela New 2/themepanthers.com/wp/creote/v-new/wp-content/plugins/wp-job-manager/assets/dist/font/job-manager-aa916d5b5333755f80564e47a7f7a89f.svg
09:13:36	Warning: 	Warning: store application/octet-stream without scan: D:/Project/Scomptec/1. Tampilan/Template Sela New 2/themepanthers.com/wp/creote/v-new/wp-content/plugins/wp-job-manager/assets/dist/font/jm-logo/jm-04f818ce1471720fb214394b96feb5de.svg
09:13:40	Warning: 	Moved Permanently for https://themepanthers.com/wp/creote/v-new/?p=592
09:13:40	Warning: 	File has moved from https://themepanthers.com/wp/creote/v-new/?p=592 to https://themepanthers.com/wp/creote/v-new/supporting-employees-through-the-menopause-guidance-for-employers/
09:13:40	Warning: 	Moved Permanently for https://themepanthers.com/wp/creote/v-new/blog-modern-01/page/1/
09:13:40	Warning: 	File has moved from https://themepanthers.com/wp/creote/v-new/blog-modern-01/page/1/ to https://themepanthers.com/wp/creote/v-new/blog-modern-01/
09:13:40	Warning: 	Moved Permanently for https://themepanthers.com/wp/creote/v-new/blog-modern-02/page/1/
09:13:40	Warning: 	File has moved from https://themepanthers.com/wp/creote/v-new/blog-modern-02/page/1/ to https://themepanthers.com/wp/creote/v-new/blog-modern-02/
09:13:40	Warning: 	Moved Permanently for https://themepanthers.com/wp/creote/v-new/blog-simple/page/1/
09:13:40	Warning: 	File has moved from https://themepanthers.com/wp/creote/v-new/blog-simple/page/1/ to https://themepanthers.com/wp/creote/v-new/blog-simple/
09:13:40	Warning: 	Moved Permanently for https://themepanthers.com/wp/creote/v-new/blog-list-view/page/1/
09:13:40	Warning: 	File has moved from https://themepanthers.com/wp/creote/v-new/blog-list-view/page/1/ to https://themepanthers.com/wp/creote/v-new/blog-list-view/
09:13:40	Warning: 	Moved Permanently for https://themepanthers.com/wp/creote/v-new/?p=235
09:13:40	Warning: 	File has moved from https://themepanthers.com/wp/creote/v-new/?p=235 to https://themepanthers.com/wp/creote/v-new/outsource-accounting-hr-functions/
09:13:40	Warning: 	Moved Permanently for https://themepanthers.com/wp/creote/v-new/metro-fullwidth/page/1/
09:13:40	Warning: 	File has moved from https://themepanthers.com/wp/creote/v-new/metro-fullwidth/page/1/ to https://themepanthers.com/wp/creote/v-new/metro-fullwidth/
09:13:48	Warning: 	Moved Permanently for https://themepanthers.com/wp/creote/v-new/?p=2652
09:13:48	Warning: 	File has moved from https://themepanthers.com/wp/creote/v-new/?p=2652 to https://themepanthers.com/wp/creote/v-new/product/employee-relation/
09:14:31	Warning: 	Moved Permanently for https://themepanthers.com/wp/creote/v-new/shop/page/1/
09:14:31	Warning: 	File has moved from https://themepanthers.com/wp/creote/v-new/shop/page/1/ to https://themepanthers.com/wp/creote/v-new/shop/
09:15:17	Warning: 	Moved Permanently for https://themepanthers.com/wp/creote/v-new/?p=2635
09:15:17	Warning: 	File has moved from https://themepanthers.com/wp/creote/v-new/?p=2635 to https://themepanthers.com/wp/creote/v-new/product/how-to-stop-worrying-living/
09:15:26	Warning: 	Moved Permanently for https://themepanthers.com/wp/creote/v-new/?p=2651
09:15:26	Warning: 	File has moved from https://themepanthers.com/wp/creote/v-new/?p=2651 to https://themepanthers.com/wp/creote/v-new/product/your-soul-is-a-river-by-nikita-gilla/
09:15:36	Warning: 	Moved Permanently for https://themepanthers.com/wp/creote/v-new/?p=2660
09:15:36	Warning: 	File has moved from https://themepanthers.com/wp/creote/v-new/?p=2660 to https://themepanthers.com/wp/creote/v-new/product/milk-and-honey-by-rupi-kaur/
09:15:41	Warning: 	Moved Permanently for https://themepanthers.com/wp/creote/v-new/?p=2661
09:15:41	Warning: 	File has moved from https://themepanthers.com/wp/creote/v-new/?p=2661 to https://themepanthers.com/wp/creote/v-new/product/you-are-your-only-limit/
09:15:48	Warning: 	Moved Permanently for https://themepanthers.com/wp/creote/v-new/?p=2662
09:15:48	Warning: 	File has moved from https://themepanthers.com/wp/creote/v-new/?p=2662 to https://themepanthers.com/wp/creote/v-new/product/why-good-with-out-good-by-john-bevere/
09:15:53	Warning: 	Moved Permanently for https://themepanthers.com/wp/creote/v-new/?p=2663
09:15:53	Warning: 	File has moved from https://themepanthers.com/wp/creote/v-new/?p=2663 to https://themepanthers.com/wp/creote/v-new/product/squirrel-in-the-schooll-by-nimal-malhothra/
09:16:11	Warning: 	Moved Permanently for https://themepanthers.com/wp/creote/v-new/products/page/1/
09:16:11	Warning: 	File has moved from https://themepanthers.com/wp/creote/v-new/products/page/1/ to https://themepanthers.com/wp/creote/v-new/products/
09:16:13	Warning: 	Moved Permanently for https://themepanthers.com/wp/creote/v-new/?p=2665
09:16:13	Warning: 	File has moved from https://themepanthers.com/wp/creote/v-new/?p=2665 to https://themepanthers.com/wp/creote/v-new/product/the-women-who-dont-give-up/
09:16:19	Error: 	"Not Found" (404) at link https://themepanthers.com/wp/creote/v-new/product/the-women-who-dont-give-up/steelthemes.com (from https://themepanthers.com/wp/creote/v-new/product/the-women-who-dont-give-up/)
09:16:30	Error: 	"Connect Error" (-4) after 2 retries at link localhost/creote-error/wp-content/uploads/2022/03/pattern.jpg (from https://themepanthers.com/wp/creote/v-new/home-page-twelve/)
09:16:30	Warning: 	Moved Permanently for https://themepanthers.com/wp/creote/v-new/shop/page/1/?add_to_wishlist=2652&_wpnonce=7c2ff5af08
09:16:30	Warning: 	File has moved from https://themepanthers.com/wp/creote/v-new/shop/page/1/?add_to_wishlist=2652&_wpnonce=7c2ff5af08 to https://themepanthers.com/wp/creote/v-new/shop/?add_to_wishlist=2652&_wpnonce=7c2ff5af08
09:16:46	Warning: 	Moved Permanently for https://themepanthers.com/wp/creote/v-new/product-category/coaching/page/1/
09:16:46	Warning: 	File has moved from https://themepanthers.com/wp/creote/v-new/product-category/coaching/page/1/ to https://themepanthers.com/wp/creote/v-new/product-category/coaching/
09:16:48	Warning: 	Moved Permanently for https://themepanthers.com/wp/creote/v-new/shop/page/1/?add_to_wishlist=3978&_wpnonce=7c2ff5af08
09:16:48	Warning: 	File has moved from https://themepanthers.com/wp/creote/v-new/shop/page/1/?add_to_wishlist=3978&_wpnonce=7c2ff5af08 to https://themepanthers.com/wp/creote/v-new/shop/?add_to_wishlist=3978&_wpnonce=7c2ff5af08
09:17:02	Warning: 	Moved Permanently for https://themepanthers.com/wp/creote/v-new/product-category/furniture/page/1/
09:17:02	Warning: 	File has moved from https://themepanthers.com/wp/creote/v-new/product-category/furniture/page/1/ to https://themepanthers.com/wp/creote/v-new/product-category/furniture/
09:17:02	Warning: 	Moved Permanently for https://themepanthers.com/wp/creote/v-new/shop/page/1/?add_to_wishlist=3969&_wpnonce=7c2ff5af08
09:17:02	Warning: 	File has moved from https://themepanthers.com/wp/creote/v-new/shop/page/1/?add_to_wishlist=3969&_wpnonce=7c2ff5af08 to https://themepanthers.com/wp/creote/v-new/shop/?add_to_wishlist=3969&_wpnonce=7c2ff5af08
09:17:02	Warning: 	Moved Permanently for https://themepanthers.com/wp/creote/v-new/shop/page/1/?add_to_wishlist=3976&_wpnonce=7c2ff5af08
09:17:02	Warning: 	File has moved from https://themepanthers.com/wp/creote/v-new/shop/page/1/?add_to_wishlist=3976&_wpnonce=7c2ff5af08 to https://themepanthers.com/wp/creote/v-new/shop/?add_to_wishlist=3976&_wpnonce=7c2ff5af08
09:17:02	Warning: 	Moved Permanently for https://themepanthers.com/wp/creote/v-new/shop/page/1/?add_to_wishlist=3951&_wpnonce=7c2ff5af08
09:17:02	Warning: 	File has moved from https://themepanthers.com/wp/creote/v-new/shop/page/1/?add_to_wishlist=3951&_wpnonce=7c2ff5af08 to https://themepanthers.com/wp/creote/v-new/shop/?add_to_wishlist=3951&_wpnonce=7c2ff5af08
09:17:02	Warning: 	Moved Permanently for https://themepanthers.com/wp/creote/v-new/shop/page/1/?add_to_wishlist=2650&_wpnonce=7c2ff5af08
09:17:02	Warning: 	File has moved from https://themepanthers.com/wp/creote/v-new/shop/page/1/?add_to_wishlist=2650&_wpnonce=7c2ff5af08 to https://themepanthers.com/wp/creote/v-new/shop/?add_to_wishlist=2650&_wpnonce=7c2ff5af08
09:17:06	Warning: 	Moved Permanently for https://themepanthers.com/wp/creote/v-new/shop/page/1/?add_to_wishlist=2635&_wpnonce=7c2ff5af08
09:17:06	Warning: 	File has moved from https://themepanthers.com/wp/creote/v-new/shop/page/1/?add_to_wishlist=2635&_wpnonce=7c2ff5af08 to https://themepanthers.com/wp/creote/v-new/shop/?add_to_wishlist=2635&_wpnonce=7c2ff5af08
09:17:07	Warning: 	Moved Permanently for https://themepanthers.com/wp/creote/v-new/shop/page/1/?add_to_wishlist=2660&_wpnonce=7c2ff5af08
09:17:07	Warning: 	File has moved from https://themepanthers.com/wp/creote/v-new/shop/page/1/?add_to_wishlist=2660&_wpnonce=7c2ff5af08 to https://themepanthers.com/wp/creote/v-new/shop/?add_to_wishlist=2660&_wpnonce=7c2ff5af08
09:17:09	Warning: 	Moved Permanently for https://themepanthers.com/wp/creote/v-new/shop/page/1/?add_to_wishlist=3973&_wpnonce=7c2ff5af08
09:17:09	Warning: 	File has moved from https://themepanthers.com/wp/creote/v-new/shop/page/1/?add_to_wishlist=3973&_wpnonce=7c2ff5af08 to https://themepanthers.com/wp/creote/v-new/shop/?add_to_wishlist=3973&_wpnonce=7c2ff5af08
09:17:09	Warning: 	Moved Permanently for https://themepanthers.com/wp/creote/v-new/shop/page/1/?add_to_wishlist=2663&_wpnonce=7c2ff5af08
09:17:09	Warning: 	File has moved from https://themepanthers.com/wp/creote/v-new/shop/page/1/?add_to_wishlist=2663&_wpnonce=7c2ff5af08 to https://themepanthers.com/wp/creote/v-new/shop/?add_to_wishlist=2663&_wpnonce=7c2ff5af08
09:17:11	Warning: 	Moved Permanently for https://themepanthers.com/wp/creote/v-new/shop/page/1/?add_to_wishlist=2664&_wpnonce=7c2ff5af08
09:17:11	Warning: 	File has moved from https://themepanthers.com/wp/creote/v-new/shop/page/1/?add_to_wishlist=2664&_wpnonce=7c2ff5af08 to https://themepanthers.com/wp/creote/v-new/shop/?add_to_wishlist=2664&_wpnonce=7c2ff5af08
09:17:13	Warning: 	Moved Permanently for https://themepanthers.com/wp/creote/v-new/shop/page/1/?add_to_wishlist=2665&_wpnonce=7c2ff5af08
09:17:13	Warning: 	File has moved from https://themepanthers.com/wp/creote/v-new/shop/page/1/?add_to_wishlist=2665&_wpnonce=7c2ff5af08 to https://themepanthers.com/wp/creote/v-new/shop/?add_to_wishlist=2665&_wpnonce=7c2ff5af08
09:17:16	Warning: 	Moved Permanently for https://themepanthers.com/wp/creote/v-new/shop/page/1/?add_to_wishlist=3967&_wpnonce=7c2ff5af08
09:17:16	Warning: 	File has moved from https://themepanthers.com/wp/creote/v-new/shop/page/1/?add_to_wishlist=3967&_wpnonce=7c2ff5af08 to https://themepanthers.com/wp/creote/v-new/shop/?add_to_wishlist=3967&_wpnonce=7c2ff5af08
09:17:16	Warning: 	Moved Permanently for https://themepanthers.com/wp/creote/v-new/shop/page/1/?add_to_wishlist=2662&_wpnonce=7c2ff5af08
09:17:16	Warning: 	File has moved from https://themepanthers.com/wp/creote/v-new/shop/page/1/?add_to_wishlist=2662&_wpnonce=7c2ff5af08 to https://themepanthers.com/wp/creote/v-new/shop/?add_to_wishlist=2662&_wpnonce=7c2ff5af08
09:17:18	Warning: 	Moved Permanently for https://themepanthers.com/wp/creote/v-new/shop/page/1/?add_to_wishlist=3965&_wpnonce=7c2ff5af08
09:17:18	Warning: 	File has moved from https://themepanthers.com/wp/creote/v-new/shop/page/1/?add_to_wishlist=3965&_wpnonce=7c2ff5af08 to https://themepanthers.com/wp/creote/v-new/shop/?add_to_wishlist=3965&_wpnonce=7c2ff5af08
09:17:20	Warning: 	Moved Permanently for https://themepanthers.com/wp/creote/v-new/shop/page/1/?add_to_wishlist=2661&_wpnonce=7c2ff5af08
09:17:20	Warning: 	File has moved from https://themepanthers.com/wp/creote/v-new/shop/page/1/?add_to_wishlist=2661&_wpnonce=7c2ff5af08 to https://themepanthers.com/wp/creote/v-new/shop/?add_to_wishlist=2661&_wpnonce=7c2ff5af08
09:17:24	Warning: 	Moved Permanently for https://themepanthers.com/wp/creote/v-new/shop/page/1/?add_to_wishlist=2651&_wpnonce=7c2ff5af08
09:17:24	Warning: 	File has moved from https://themepanthers.com/wp/creote/v-new/shop/page/1/?add_to_wishlist=2651&_wpnonce=7c2ff5af08 to https://themepanthers.com/wp/creote/v-new/shop/?add_to_wishlist=2651&_wpnonce=7c2ff5af08
09:17:25	Warning: 	Moved Permanently for https://themepanthers.com/wp/creote/v-new/shop/page/1/?add_to_wishlist=3971&_wpnonce=7c2ff5af08
09:17:25	Warning: 	File has moved from https://themepanthers.com/wp/creote/v-new/shop/page/1/?add_to_wishlist=3971&_wpnonce=7c2ff5af08 to https://themepanthers.com/wp/creote/v-new/shop/?add_to_wishlist=3971&_wpnonce=7c2ff5af08
09:17:38	Warning: 	Moved Permanently for https://themepanthers.com/wp/creote/v-new/product-category/employee-relation/page/1/
09:17:38	Warning: 	File has moved from https://themepanthers.com/wp/creote/v-new/product-category/employee-relation/page/1/ to https://themepanthers.com/wp/creote/v-new/product-category/employee-relation/
09:17:53	Warning: 	Moved Permanently for https://themepanthers.com/wp/creote/v-new/product-category/hr-consulting/page/1/
09:17:53	Warning: 	File has moved from https://themepanthers.com/wp/creote/v-new/product-category/hr-consulting/page/1/ to https://themepanthers.com/wp/creote/v-new/product-category/hr-consulting/
09:18:09	Warning: 	Moved Permanently for https://themepanthers.com/wp/creote/v-new/product-category/small-business-hr/page/1/
09:18:09	Warning: 	File has moved from https://themepanthers.com/wp/creote/v-new/product-category/small-business-hr/page/1/ to https://themepanthers.com/wp/creote/v-new/product-category/small-business-hr/
09:18:09	Warning: 	Moved Permanently for https://themepanthers.com/wp/creote/v-new/products/page/1/?add_to_wishlist=2635&_wpnonce=7c2ff5af08
09:18:09	Warning: 	File has moved from https://themepanthers.com/wp/creote/v-new/products/page/1/?add_to_wishlist=2635&_wpnonce=7c2ff5af08 to https://themepanthers.com/wp/creote/v-new/products/?add_to_wishlist=2635&_wpnonce=7c2ff5af08
09:18:11	Warning: 	Moved Permanently for https://themepanthers.com/wp/creote/v-new/products/page/1/?add_to_wishlist=2650&_wpnonce=7c2ff5af08
09:18:11	Warning: 	File has moved from https://themepanthers.com/wp/creote/v-new/products/page/1/?add_to_wishlist=2650&_wpnonce=7c2ff5af08 to https://themepanthers.com/wp/creote/v-new/products/?add_to_wishlist=2650&_wpnonce=7c2ff5af08
09:18:11	Warning: 	Moved Permanently for https://themepanthers.com/wp/creote/v-new/products/page/1/?add_to_wishlist=2651&_wpnonce=7c2ff5af08
09:18:11	Warning: 	File has moved from https://themepanthers.com/wp/creote/v-new/products/page/1/?add_to_wishlist=2651&_wpnonce=7c2ff5af08 to https://themepanthers.com/wp/creote/v-new/products/?add_to_wishlist=2651&_wpnonce=7c2ff5af08
09:18:13	Warning: 	Moved Permanently for https://themepanthers.com/wp/creote/v-new/products/page/1/?add_to_wishlist=2652&_wpnonce=7c2ff5af08
09:18:13	Warning: 	File has moved from https://themepanthers.com/wp/creote/v-new/products/page/1/?add_to_wishlist=2652&_wpnonce=7c2ff5af08 to https://themepanthers.com/wp/creote/v-new/products/?add_to_wishlist=2652&_wpnonce=7c2ff5af08
09:18:13	Warning: 	Moved Permanently for https://themepanthers.com/wp/creote/v-new/products/page/1/?add_to_wishlist=2660&_wpnonce=7c2ff5af08
09:18:13	Warning: 	File has moved from https://themepanthers.com/wp/creote/v-new/products/page/1/?add_to_wishlist=2660&_wpnonce=7c2ff5af08 to https://themepanthers.com/wp/creote/v-new/products/?add_to_wishlist=2660&_wpnonce=7c2ff5af08
09:18:14	Warning: 	Moved Permanently for https://themepanthers.com/wp/creote/v-new/products/page/1/?add_to_wishlist=2661&_wpnonce=7c2ff5af08
09:18:14	Warning: 	File has moved from https://themepanthers.com/wp/creote/v-new/products/page/1/?add_to_wishlist=2661&_wpnonce=7c2ff5af08 to https://themepanthers.com/wp/creote/v-new/products/?add_to_wishlist=2661&_wpnonce=7c2ff5af08
09:18:17	Warning: 	Moved Permanently for https://themepanthers.com/wp/creote/v-new/products/page/1/?add_to_wishlist=2662&_wpnonce=7c2ff5af08
09:18:17	Warning: 	File has moved from https://themepanthers.com/wp/creote/v-new/products/page/1/?add_to_wishlist=2662&_wpnonce=7c2ff5af08 to https://themepanthers.com/wp/creote/v-new/products/?add_to_wishlist=2662&_wpnonce=7c2ff5af08
09:18:17	Warning: 	Moved Permanently for https://themepanthers.com/wp/creote/v-new/products/page/1/?add_to_wishlist=2663&_wpnonce=7c2ff5af08
09:18:17	Warning: 	File has moved from https://themepanthers.com/wp/creote/v-new/products/page/1/?add_to_wishlist=2663&_wpnonce=7c2ff5af08 to https://themepanthers.com/wp/creote/v-new/products/?add_to_wishlist=2663&_wpnonce=7c2ff5af08
09:18:19	Warning: 	Moved Permanently for https://themepanthers.com/wp/creote/v-new/products/page/1/?add_to_wishlist=2664&_wpnonce=7c2ff5af08
09:18:19	Warning: 	File has moved from https://themepanthers.com/wp/creote/v-new/products/page/1/?add_to_wishlist=2664&_wpnonce=7c2ff5af08 to https://themepanthers.com/wp/creote/v-new/products/?add_to_wishlist=2664&_wpnonce=7c2ff5af08
09:18:20	Warning: 	Moved Permanently for https://themepanthers.com/wp/creote/v-new/products/page/1/?add_to_wishlist=2665&_wpnonce=7c2ff5af08
09:18:20	Warning: 	File has moved from https://themepanthers.com/wp/creote/v-new/products/page/1/?add_to_wishlist=2665&_wpnonce=7c2ff5af08 to https://themepanthers.com/wp/creote/v-new/products/?add_to_wishlist=2665&_wpnonce=7c2ff5af08
09:18:20	Warning: 	Moved Permanently for https://themepanthers.com/wp/creote/v-new/products/page/1/?add_to_wishlist=3965&_wpnonce=7c2ff5af08
09:18:20	Warning: 	File has moved from https://themepanthers.com/wp/creote/v-new/products/page/1/?add_to_wishlist=3965&_wpnonce=7c2ff5af08 to https://themepanthers.com/wp/creote/v-new/products/?add_to_wishlist=3965&_wpnonce=7c2ff5af08
09:18:22	Warning: 	Moved Permanently for https://themepanthers.com/wp/creote/v-new/products/page/1/?add_to_wishlist=3967&_wpnonce=7c2ff5af08
09:18:22	Warning: 	File has moved from https://themepanthers.com/wp/creote/v-new/products/page/1/?add_to_wishlist=3967&_wpnonce=7c2ff5af08 to https://themepanthers.com/wp/creote/v-new/products/?add_to_wishlist=3967&_wpnonce=7c2ff5af08
09:18:24	Warning: 	Moved Permanently for https://themepanthers.com/wp/creote/v-new/products/page/1/?add_to_wishlist=3971&_wpnonce=7c2ff5af08
09:18:24	Warning: 	File has moved from https://themepanthers.com/wp/creote/v-new/products/page/1/?add_to_wishlist=3971&_wpnonce=7c2ff5af08 to https://themepanthers.com/wp/creote/v-new/products/?add_to_wishlist=3971&_wpnonce=7c2ff5af08
09:18:25	Warning: 	Moved Permanently for https://themepanthers.com/wp/creote/v-new/products/page/1/?add_to_wishlist=3973&_wpnonce=7c2ff5af08
09:18:25	Warning: 	File has moved from https://themepanthers.com/wp/creote/v-new/products/page/1/?add_to_wishlist=3973&_wpnonce=7c2ff5af08 to https://themepanthers.com/wp/creote/v-new/products/?add_to_wishlist=3973&_wpnonce=7c2ff5af08
09:18:31	Warning: 	Moved Permanently for https://themepanthers.com/wp/creote/v-new/product-category/coaching/page/1/?add_to_wishlist=2652&_wpnonce=7c2ff5af08
09:18:31	Warning: 	File has moved from https://themepanthers.com/wp/creote/v-new/product-category/coaching/page/1/?add_to_wishlist=2652&_wpnonce=7c2ff5af08 to https://themepanthers.com/wp/creote/v-new/product-category/coaching/?add_to_wishlist=2652&_wpnonce=7c2ff5af08
09:18:31	Warning: 	Moved Permanently for https://themepanthers.com/wp/creote/v-new/product-category/coaching/page/1/?add_to_wishlist=2650&_wpnonce=7c2ff5af08
09:18:31	Warning: 	File has moved from https://themepanthers.com/wp/creote/v-new/product-category/coaching/page/1/?add_to_wishlist=2650&_wpnonce=7c2ff5af08 to https://themepanthers.com/wp/creote/v-new/product-category/coaching/?add_to_wishlist=2650&_wpnonce=7c2ff5af08
09:18:36	Warning: 	Moved Permanently for https://themepanthers.com/wp/creote/v-new/product-category/coaching/page/1/?add_to_wishlist=2635&_wpnonce=7c2ff5af08
09:18:36	Warning: 	File has moved from https://themepanthers.com/wp/creote/v-new/product-category/coaching/page/1/?add_to_wishlist=2635&_wpnonce=7c2ff5af08 to https://themepanthers.com/wp/creote/v-new/product-category/coaching/?add_to_wishlist=2635&_wpnonce=7c2ff5af08
09:18:36	Warning: 	Moved Permanently for https://themepanthers.com/wp/creote/v-new/product-category/coaching/page/1/?add_to_wishlist=2664&_wpnonce=7c2ff5af08
09:18:36	Warning: 	File has moved from https://themepanthers.com/wp/creote/v-new/product-category/coaching/page/1/?add_to_wishlist=2664&_wpnonce=7c2ff5af08 to https://themepanthers.com/wp/creote/v-new/product-category/coaching/?add_to_wishlist=2664&_wpnonce=7c2ff5af08
09:18:37	Warning: 	Moved Permanently for https://themepanthers.com/wp/creote/v-new/product-category/coaching/page/1/?add_to_wishlist=2665&_wpnonce=7c2ff5af08
09:18:37	Warning: 	File has moved from https://themepanthers.com/wp/creote/v-new/product-category/coaching/page/1/?add_to_wishlist=2665&_wpnonce=7c2ff5af08 to https://themepanthers.com/wp/creote/v-new/product-category/coaching/?add_to_wishlist=2665&_wpnonce=7c2ff5af08
09:18:37	Warning: 	Moved Permanently for https://themepanthers.com/wp/creote/v-new/product-category/coaching/page/1/?add_to_wishlist=2662&_wpnonce=7c2ff5af08
09:18:37	Warning: 	File has moved from https://themepanthers.com/wp/creote/v-new/product-category/coaching/page/1/?add_to_wishlist=2662&_wpnonce=7c2ff5af08 to https://themepanthers.com/wp/creote/v-new/product-category/coaching/?add_to_wishlist=2662&_wpnonce=7c2ff5af08
09:18:43	Warning: 	Moved Permanently for https://themepanthers.com/wp/creote/v-new/product-category/furniture/page/1/?add_to_wishlist=3969&_wpnonce=7c2ff5af08
09:18:43	Warning: 	File has moved from https://themepanthers.com/wp/creote/v-new/product-category/furniture/page/1/?add_to_wishlist=3969&_wpnonce=7c2ff5af08 to https://themepanthers.com/wp/creote/v-new/product-category/furniture/?add_to_wishlist=3969&_wpnonce=7c2ff5af08
09:18:43	Warning: 	Moved Permanently for https://themepanthers.com/wp/creote/v-new/product-category/furniture/page/1/?add_to_wishlist=3976&_wpnonce=7c2ff5af08
09:18:43	Warning: 	File has moved from https://themepanthers.com/wp/creote/v-new/product-category/furniture/page/1/?add_to_wishlist=3976&_wpnonce=7c2ff5af08 to https://themepanthers.com/wp/creote/v-new/product-category/furniture/?add_to_wishlist=3976&_wpnonce=7c2ff5af08
09:18:46	Warning: 	Moved Permanently for https://themepanthers.com/wp/creote/v-new/product-category/furniture/page/1/?add_to_wishlist=3951&_wpnonce=7c2ff5af08
09:18:46	Warning: 	File has moved from https://themepanthers.com/wp/creote/v-new/product-category/furniture/page/1/?add_to_wishlist=3951&_wpnonce=7c2ff5af08 to https://themepanthers.com/wp/creote/v-new/product-category/furniture/?add_to_wishlist=3951&_wpnonce=7c2ff5af08
09:18:46	Warning: 	Moved Permanently for https://themepanthers.com/wp/creote/v-new/product-category/furniture/page/1/?add_to_wishlist=3973&_wpnonce=7c2ff5af08
09:18:46	Warning: 	File has moved from https://themepanthers.com/wp/creote/v-new/product-category/furniture/page/1/?add_to_wishlist=3973&_wpnonce=7c2ff5af08 to https://themepanthers.com/wp/creote/v-new/product-category/furniture/?add_to_wishlist=3973&_wpnonce=7c2ff5af08
09:18:49	Warning: 	Moved Permanently for https://themepanthers.com/wp/creote/v-new/product-category/furniture/page/1/?add_to_wishlist=3967&_wpnonce=7c2ff5af08
09:18:49	Warning: 	File has moved from https://themepanthers.com/wp/creote/v-new/product-category/furniture/page/1/?add_to_wishlist=3967&_wpnonce=7c2ff5af08 to https://themepanthers.com/wp/creote/v-new/product-category/furniture/?add_to_wishlist=3967&_wpnonce=7c2ff5af08
09:19:42	Warning: 	Moved Permanently for https://themepanthers.com/wp/creote/v-new/product-category/employee-relation/page/1/?add_to_wishlist=2635&_wpnonce=7c2ff5af08
09:19:42	Warning: 	File has moved from https://themepanthers.com/wp/creote/v-new/product-category/employee-relation/page/1/?add_to_wishlist=2635&_wpnonce=7c2ff5af08 to https://themepanthers.com/wp/creote/v-new/product-category/employee-relation/?add_to_wishlist=2635&_wpnonce=7c2ff5af08
09:19:44	Warning: 	Moved Permanently for https://themepanthers.com/wp/creote/v-new/product-category/employee-relation/page/1/?add_to_wishlist=2663&_wpnonce=7c2ff5af08
09:19:44	Warning: 	File has moved from https://themepanthers.com/wp/creote/v-new/product-category/employee-relation/page/1/?add_to_wishlist=2663&_wpnonce=7c2ff5af08 to https://themepanthers.com/wp/creote/v-new/product-category/employee-relation/?add_to_wishlist=2663&_wpnonce=7c2ff5af08
09:19:47	Warning: 	Moved Permanently for https://themepanthers.com/wp/creote/v-new/product-category/employee-relation/page/1/?add_to_wishlist=2664&_wpnonce=7c2ff5af08
09:19:47	Warning: 	File has moved from https://themepanthers.com/wp/creote/v-new/product-category/employee-relation/page/1/?add_to_wishlist=2664&_wpnonce=7c2ff5af08 to https://themepanthers.com/wp/creote/v-new/product-category/employee-relation/?add_to_wishlist=2664&_wpnonce=7c2ff5af08
09:19:47	Warning: 	Moved Permanently for https://themepanthers.com/wp/creote/v-new/product-category/employee-relation/page/1/?add_to_wishlist=2662&_wpnonce=7c2ff5af08
09:19:47	Warning: 	File has moved from https://themepanthers.com/wp/creote/v-new/product-category/employee-relation/page/1/?add_to_wishlist=2662&_wpnonce=7c2ff5af08 to https://themepanthers.com/wp/creote/v-new/product-category/employee-relation/?add_to_wishlist=2662&_wpnonce=7c2ff5af08
09:19:49	Warning: 	Moved Permanently for https://themepanthers.com/wp/creote/v-new/product-category/hr-consulting/page/1/?add_to_wishlist=2635&_wpnonce=7c2ff5af08
09:19:49	Warning: 	File has moved from https://themepanthers.com/wp/creote/v-new/product-category/hr-consulting/page/1/?add_to_wishlist=2635&_wpnonce=7c2ff5af08 to https://themepanthers.com/wp/creote/v-new/product-category/hr-consulting/?add_to_wishlist=2635&_wpnonce=7c2ff5af08
09:19:51	Warning: 	Moved Permanently for https://themepanthers.com/wp/creote/v-new/product-category/hr-consulting/page/1/?add_to_wishlist=2660&_wpnonce=7c2ff5af08
09:19:51	Warning: 	File has moved from https://themepanthers.com/wp/creote/v-new/product-category/hr-consulting/page/1/?add_to_wishlist=2660&_wpnonce=7c2ff5af08 to https://themepanthers.com/wp/creote/v-new/product-category/hr-consulting/?add_to_wishlist=2660&_wpnonce=7c2ff5af08
09:19:53	Warning: 	Moved Permanently for https://themepanthers.com/wp/creote/v-new/product-category/hr-consulting/page/1/?add_to_wishlist=2663&_wpnonce=7c2ff5af08
09:19:53	Warning: 	File has moved from https://themepanthers.com/wp/creote/v-new/product-category/hr-consulting/page/1/?add_to_wishlist=2663&_wpnonce=7c2ff5af08 to https://themepanthers.com/wp/creote/v-new/product-category/hr-consulting/?add_to_wishlist=2663&_wpnonce=7c2ff5af08
09:19:53	Warning: 	Moved Permanently for https://themepanthers.com/wp/creote/v-new/product-category/hr-consulting/page/1/?add_to_wishlist=2661&_wpnonce=7c2ff5af08
09:19:53	Warning: 	File has moved from https://themepanthers.com/wp/creote/v-new/product-category/hr-consulting/page/1/?add_to_wishlist=2661&_wpnonce=7c2ff5af08 to https://themepanthers.com/wp/creote/v-new/product-category/hr-consulting/?add_to_wishlist=2661&_wpnonce=7c2ff5af08
09:19:55	Warning: 	Moved Permanently for https://themepanthers.com/wp/creote/v-new/product-category/small-business-hr/page/1/?add_to_wishlist=2660&_wpnonce=7c2ff5af08
09:19:55	Warning: 	File has moved from https://themepanthers.com/wp/creote/v-new/product-category/small-business-hr/page/1/?add_to_wishlist=2660&_wpnonce=7c2ff5af08 to https://themepanthers.com/wp/creote/v-new/product-category/small-business-hr/?add_to_wishlist=2660&_wpnonce=7c2ff5af08
09:19:56	Warning: 	Moved Permanently for https://themepanthers.com/wp/creote/v-new/product-category/small-business-hr/page/1/?add_to_wishlist=2663&_wpnonce=7c2ff5af08
09:19:56	Warning: 	File has moved from https://themepanthers.com/wp/creote/v-new/product-category/small-business-hr/page/1/?add_to_wishlist=2663&_wpnonce=7c2ff5af08 to https://themepanthers.com/wp/creote/v-new/product-category/small-business-hr/?add_to_wishlist=2663&_wpnonce=7c2ff5af08
09:19:59	Warning: 	Moved Permanently for https://themepanthers.com/wp/creote/v-new/product-category/small-business-hr/page/1/?add_to_wishlist=2665&_wpnonce=7c2ff5af08
09:19:59	Warning: 	File has moved from https://themepanthers.com/wp/creote/v-new/product-category/small-business-hr/page/1/?add_to_wishlist=2665&_wpnonce=7c2ff5af08 to https://themepanthers.com/wp/creote/v-new/product-category/small-business-hr/?add_to_wishlist=2665&_wpnonce=7c2ff5af08
09:19:59	Warning: 	Moved Permanently for https://themepanthers.com/wp/creote/v-new/product-category/small-business-hr/page/1/?add_to_wishlist=2662&_wpnonce=7c2ff5af08
09:19:59	Warning: 	File has moved from https://themepanthers.com/wp/creote/v-new/product-category/small-business-hr/page/1/?add_to_wishlist=2662&_wpnonce=7c2ff5af08 to https://themepanthers.com/wp/creote/v-new/product-category/small-business-hr/?add_to_wishlist=2662&_wpnonce=7c2ff5af08
09:19:59	Warning: 	Moved Permanently for https://themepanthers.com/wp/creote/v-new/product-category/small-business-hr/page/1/?add_to_wishlist=2661&_wpnonce=7c2ff5af08
09:19:59	Warning: 	File has moved from https://themepanthers.com/wp/creote/v-new/product-category/small-business-hr/page/1/?add_to_wishlist=2661&_wpnonce=7c2ff5af08 to https://themepanthers.com/wp/creote/v-new/product-category/small-business-hr/?add_to_wishlist=2661&_wpnonce=7c2ff5af08
09:23:01	Warning: 	Moved Permanently for https://themepanthers.com/wp/creote/v-new/shop/page/1/?add_to_wishlist=2652%26_wpnonce%3D7c2ff5af08
09:23:01	Warning: 	File has moved from https://themepanthers.com/wp/creote/v-new/shop/page/1/?add_to_wishlist=2652%26_wpnonce%3D7c2ff5af08 to https://themepanthers.com/wp/creote/v-new/shop/?add_to_wishlist=2652%26_wpnonce%3D7c2ff5af08
09:23:21	Warning: 	Moved Permanently for https://themepanthers.com/wp/creote/v-new/shop/page/1/?add_to_wishlist=3978%26_wpnonce%3D7c2ff5af08
09:23:21	Warning: 	File has moved from https://themepanthers.com/wp/creote/v-new/shop/page/1/?add_to_wishlist=3978%26_wpnonce%3D7c2ff5af08 to https://themepanthers.com/wp/creote/v-new/shop/?add_to_wishlist=3978%26_wpnonce%3D7c2ff5af08
09:23:43	Warning: 	Moved Permanently for https://themepanthers.com/wp/creote/v-new/shop/page/1/?add_to_wishlist=3969%26_wpnonce%3D7c2ff5af08
09:23:43	Warning: 	File has moved from https://themepanthers.com/wp/creote/v-new/shop/page/1/?add_to_wishlist=3969%26_wpnonce%3D7c2ff5af08 to https://themepanthers.com/wp/creote/v-new/shop/?add_to_wishlist=3969%26_wpnonce%3D7c2ff5af08
09:23:48	Warning: 	Moved Permanently for https://themepanthers.com/wp/creote/v-new/shop/page/1/?add_to_wishlist=3976%26_wpnonce%3D7c2ff5af08
09:23:48	Warning: 	File has moved from https://themepanthers.com/wp/creote/v-new/shop/page/1/?add_to_wishlist=3976%26_wpnonce%3D7c2ff5af08 to https://themepanthers.com/wp/creote/v-new/shop/?add_to_wishlist=3976%26_wpnonce%3D7c2ff5af08
09:23:48	Warning: 	Moved Permanently for https://themepanthers.com/wp/creote/v-new/shop/page/1/?add_to_wishlist=3951%26_wpnonce%3D7c2ff5af08
09:23:48	Warning: 	File has moved from https://themepanthers.com/wp/creote/v-new/shop/page/1/?add_to_wishlist=3951%26_wpnonce%3D7c2ff5af08 to https://themepanthers.com/wp/creote/v-new/shop/?add_to_wishlist=3951%26_wpnonce%3D7c2ff5af08
09:23:49	Warning: 	Moved Permanently for https://themepanthers.com/wp/creote/v-new/shop/page/1/?add_to_wishlist=2650%26_wpnonce%3D7c2ff5af08
09:23:49	Warning: 	File has moved from https://themepanthers.com/wp/creote/v-new/shop/page/1/?add_to_wishlist=2650%26_wpnonce%3D7c2ff5af08 to https://themepanthers.com/wp/creote/v-new/shop/?add_to_wishlist=2650%26_wpnonce%3D7c2ff5af08
09:23:52	Warning: 	Moved Permanently for https://themepanthers.com/wp/creote/v-new/shop/page/1/?add_to_wishlist=2635%26_wpnonce%3D7c2ff5af08
09:23:52	Warning: 	File has moved from https://themepanthers.com/wp/creote/v-new/shop/page/1/?add_to_wishlist=2635%26_wpnonce%3D7c2ff5af08 to https://themepanthers.com/wp/creote/v-new/shop/?add_to_wishlist=2635%26_wpnonce%3D7c2ff5af08
09:23:52	Warning: 	Moved Permanently for https://themepanthers.com/wp/creote/v-new/shop/page/1/?add_to_wishlist=2660%26_wpnonce%3D7c2ff5af08
09:23:52	Warning: 	File has moved from https://themepanthers.com/wp/creote/v-new/shop/page/1/?add_to_wishlist=2660%26_wpnonce%3D7c2ff5af08 to https://themepanthers.com/wp/creote/v-new/shop/?add_to_wishlist=2660%26_wpnonce%3D7c2ff5af08
09:23:53	Warning: 	Moved Permanently for https://themepanthers.com/wp/creote/v-new/shop/page/1/?add_to_wishlist=3973%26_wpnonce%3D7c2ff5af08
09:23:53	Warning: 	File has moved from https://themepanthers.com/wp/creote/v-new/shop/page/1/?add_to_wishlist=3973%26_wpnonce%3D7c2ff5af08 to https://themepanthers.com/wp/creote/v-new/shop/?add_to_wishlist=3973%26_wpnonce%3D7c2ff5af08
09:23:55	Warning: 	Moved Permanently for https://themepanthers.com/wp/creote/v-new/shop/page/1/?add_to_wishlist=2663%26_wpnonce%3D7c2ff5af08
09:23:55	Warning: 	File has moved from https://themepanthers.com/wp/creote/v-new/shop/page/1/?add_to_wishlist=2663%26_wpnonce%3D7c2ff5af08 to https://themepanthers.com/wp/creote/v-new/shop/?add_to_wishlist=2663%26_wpnonce%3D7c2ff5af08
09:23:56	Warning: 	Moved Permanently for https://themepanthers.com/wp/creote/v-new/shop/page/1/?add_to_wishlist=2664%26_wpnonce%3D7c2ff5af08
09:23:56	Warning: 	File has moved from https://themepanthers.com/wp/creote/v-new/shop/page/1/?add_to_wishlist=2664%26_wpnonce%3D7c2ff5af08 to https://themepanthers.com/wp/creote/v-new/shop/?add_to_wishlist=2664%26_wpnonce%3D7c2ff5af08
09:23:58	Warning: 	Moved Permanently for https://themepanthers.com/wp/creote/v-new/shop/page/1/?add_to_wishlist=2665%26_wpnonce%3D7c2ff5af08
09:23:58	Warning: 	File has moved from https://themepanthers.com/wp/creote/v-new/shop/page/1/?add_to_wishlist=2665%26_wpnonce%3D7c2ff5af08 to https://themepanthers.com/wp/creote/v-new/shop/?add_to_wishlist=2665%26_wpnonce%3D7c2ff5af08
09:23:59	Warning: 	Moved Permanently for https://themepanthers.com/wp/creote/v-new/shop/page/1/?add_to_wishlist=3967%26_wpnonce%3D7c2ff5af08
09:23:59	Warning: 	File has moved from https://themepanthers.com/wp/creote/v-new/shop/page/1/?add_to_wishlist=3967%26_wpnonce%3D7c2ff5af08 to https://themepanthers.com/wp/creote/v-new/shop/?add_to_wishlist=3967%26_wpnonce%3D7c2ff5af08
09:24:00	Warning: 	Moved Permanently for https://themepanthers.com/wp/creote/v-new/shop/page/1/?add_to_wishlist=2662%26_wpnonce%3D7c2ff5af08
09:24:00	Warning: 	File has moved from https://themepanthers.com/wp/creote/v-new/shop/page/1/?add_to_wishlist=2662%26_wpnonce%3D7c2ff5af08 to https://themepanthers.com/wp/creote/v-new/shop/?add_to_wishlist=2662%26_wpnonce%3D7c2ff5af08
09:24:01	Warning: 	Moved Permanently for https://themepanthers.com/wp/creote/v-new/shop/page/1/?add_to_wishlist=3965%26_wpnonce%3D7c2ff5af08
09:24:01	Warning: 	File has moved from https://themepanthers.com/wp/creote/v-new/shop/page/1/?add_to_wishlist=3965%26_wpnonce%3D7c2ff5af08 to https://themepanthers.com/wp/creote/v-new/shop/?add_to_wishlist=3965%26_wpnonce%3D7c2ff5af08
09:24:03	Warning: 	Moved Permanently for https://themepanthers.com/wp/creote/v-new/shop/page/1/?add_to_wishlist=2661%26_wpnonce%3D7c2ff5af08
09:24:03	Warning: 	File has moved from https://themepanthers.com/wp/creote/v-new/shop/page/1/?add_to_wishlist=2661%26_wpnonce%3D7c2ff5af08 to https://themepanthers.com/wp/creote/v-new/shop/?add_to_wishlist=2661%26_wpnonce%3D7c2ff5af08
09:24:04	Warning: 	Moved Permanently for https://themepanthers.com/wp/creote/v-new/shop/page/1/?add_to_wishlist=2651%26_wpnonce%3D7c2ff5af08
09:24:04	Warning: 	File has moved from https://themepanthers.com/wp/creote/v-new/shop/page/1/?add_to_wishlist=2651%26_wpnonce%3D7c2ff5af08 to https://themepanthers.com/wp/creote/v-new/shop/?add_to_wishlist=2651%26_wpnonce%3D7c2ff5af08
09:24:05	Warning: 	Moved Permanently for https://themepanthers.com/wp/creote/v-new/shop/page/1/?add_to_wishlist=3971%26_wpnonce%3D7c2ff5af08
09:24:05	Warning: 	File has moved from https://themepanthers.com/wp/creote/v-new/shop/page/1/?add_to_wishlist=3971%26_wpnonce%3D7c2ff5af08 to https://themepanthers.com/wp/creote/v-new/shop/?add_to_wishlist=3971%26_wpnonce%3D7c2ff5af08
09:24:48	Warning: 	Moved Permanently for https://themepanthers.com/wp/creote/v-new/products/page/1/?add_to_wishlist=2635%26_wpnonce%3D7c2ff5af08
09:24:48	Warning: 	File has moved from https://themepanthers.com/wp/creote/v-new/products/page/1/?add_to_wishlist=2635%26_wpnonce%3D7c2ff5af08 to https://themepanthers.com/wp/creote/v-new/products/?add_to_wishlist=2635%26_wpnonce%3D7c2ff5af08
09:24:52	Warning: 	Moved Permanently for https://themepanthers.com/wp/creote/v-new/products/page/1/?add_to_wishlist=2650%26_wpnonce%3D7c2ff5af08
09:24:52	Warning: 	File has moved from https://themepanthers.com/wp/creote/v-new/products/page/1/?add_to_wishlist=2650%26_wpnonce%3D7c2ff5af08 to https://themepanthers.com/wp/creote/v-new/products/?add_to_wishlist=2650%26_wpnonce%3D7c2ff5af08
09:24:53	Warning: 	Moved Permanently for https://themepanthers.com/wp/creote/v-new/products/page/1/?add_to_wishlist=2651%26_wpnonce%3D7c2ff5af08
09:24:53	Warning: 	File has moved from https://themepanthers.com/wp/creote/v-new/products/page/1/?add_to_wishlist=2651%26_wpnonce%3D7c2ff5af08 to https://themepanthers.com/wp/creote/v-new/products/?add_to_wishlist=2651%26_wpnonce%3D7c2ff5af08
09:24:53	Warning: 	Moved Permanently for https://themepanthers.com/wp/creote/v-new/products/page/1/?add_to_wishlist=2652%26_wpnonce%3D7c2ff5af08
09:24:53	Warning: 	File has moved from https://themepanthers.com/wp/creote/v-new/products/page/1/?add_to_wishlist=2652%26_wpnonce%3D7c2ff5af08 to https://themepanthers.com/wp/creote/v-new/products/?add_to_wishlist=2652%26_wpnonce%3D7c2ff5af08
09:24:57	Warning: 	Moved Permanently for https://themepanthers.com/wp/creote/v-new/products/page/1/?add_to_wishlist=2660%26_wpnonce%3D7c2ff5af08
09:24:57	Warning: 	File has moved from https://themepanthers.com/wp/creote/v-new/products/page/1/?add_to_wishlist=2660%26_wpnonce%3D7c2ff5af08 to https://themepanthers.com/wp/creote/v-new/products/?add_to_wishlist=2660%26_wpnonce%3D7c2ff5af08
09:24:58	Warning: 	Moved Permanently for https://themepanthers.com/wp/creote/v-new/products/page/1/?add_to_wishlist=2661%26_wpnonce%3D7c2ff5af08
09:24:58	Warning: 	File has moved from https://themepanthers.com/wp/creote/v-new/products/page/1/?add_to_wishlist=2661%26_wpnonce%3D7c2ff5af08 to https://themepanthers.com/wp/creote/v-new/products/?add_to_wishlist=2661%26_wpnonce%3D7c2ff5af08
09:24:59	Warning: 	Moved Permanently for https://themepanthers.com/wp/creote/v-new/products/page/1/?add_to_wishlist=2662%26_wpnonce%3D7c2ff5af08
09:24:59	Warning: 	File has moved from https://themepanthers.com/wp/creote/v-new/products/page/1/?add_to_wishlist=2662%26_wpnonce%3D7c2ff5af08 to https://themepanthers.com/wp/creote/v-new/products/?add_to_wishlist=2662%26_wpnonce%3D7c2ff5af08
09:24:59	Warning: 	Moved Permanently for https://themepanthers.com/wp/creote/v-new/products/page/1/?add_to_wishlist=2663%26_wpnonce%3D7c2ff5af08
09:24:59	Warning: 	File has moved from https://themepanthers.com/wp/creote/v-new/products/page/1/?add_to_wishlist=2663%26_wpnonce%3D7c2ff5af08 to https://themepanthers.com/wp/creote/v-new/products/?add_to_wishlist=2663%26_wpnonce%3D7c2ff5af08
09:25:01	Warning: 	Moved Permanently for https://themepanthers.com/wp/creote/v-new/products/page/1/?add_to_wishlist=2664%26_wpnonce%3D7c2ff5af08
09:25:01	Warning: 	File has moved from https://themepanthers.com/wp/creote/v-new/products/page/1/?add_to_wishlist=2664%26_wpnonce%3D7c2ff5af08 to https://themepanthers.com/wp/creote/v-new/products/?add_to_wishlist=2664%26_wpnonce%3D7c2ff5af08
09:25:02	Warning: 	Moved Permanently for https://themepanthers.com/wp/creote/v-new/products/page/1/?add_to_wishlist=2665%26_wpnonce%3D7c2ff5af08
09:25:02	Warning: 	File has moved from https://themepanthers.com/wp/creote/v-new/products/page/1/?add_to_wishlist=2665%26_wpnonce%3D7c2ff5af08 to https://themepanthers.com/wp/creote/v-new/products/?add_to_wishlist=2665%26_wpnonce%3D7c2ff5af08
09:25:04	Warning: 	Moved Permanently for https://themepanthers.com/wp/creote/v-new/products/page/1/?add_to_wishlist=3965%26_wpnonce%3D7c2ff5af08
09:25:04	Warning: 	File has moved from https://themepanthers.com/wp/creote/v-new/products/page/1/?add_to_wishlist=3965%26_wpnonce%3D7c2ff5af08 to https://themepanthers.com/wp/creote/v-new/products/?add_to_wishlist=3965%26_wpnonce%3D7c2ff5af08
09:25:04	Warning: 	Moved Permanently for https://themepanthers.com/wp/creote/v-new/products/page/1/?add_to_wishlist=3967%26_wpnonce%3D7c2ff5af08
09:25:04	Warning: 	File has moved from https://themepanthers.com/wp/creote/v-new/products/page/1/?add_to_wishlist=3967%26_wpnonce%3D7c2ff5af08 to https://themepanthers.com/wp/creote/v-new/products/?add_to_wishlist=3967%26_wpnonce%3D7c2ff5af08
09:25:06	Warning: 	Moved Permanently for https://themepanthers.com/wp/creote/v-new/products/page/1/?add_to_wishlist=3971%26_wpnonce%3D7c2ff5af08
09:25:06	Warning: 	File has moved from https://themepanthers.com/wp/creote/v-new/products/page/1/?add_to_wishlist=3971%26_wpnonce%3D7c2ff5af08 to https://themepanthers.com/wp/creote/v-new/products/?add_to_wishlist=3971%26_wpnonce%3D7c2ff5af08
09:25:07	Warning: 	Moved Permanently for https://themepanthers.com/wp/creote/v-new/products/page/1/?add_to_wishlist=3973%26_wpnonce%3D7c2ff5af08
09:25:07	Warning: 	File has moved from https://themepanthers.com/wp/creote/v-new/products/page/1/?add_to_wishlist=3973%26_wpnonce%3D7c2ff5af08 to https://themepanthers.com/wp/creote/v-new/products/?add_to_wishlist=3973%26_wpnonce%3D7c2ff5af08
09:25:09	Warning: 	Moved Permanently for https://themepanthers.com/wp/creote/v-new/product-category/coaching/page/1/?add_to_wishlist=2652%26_wpnonce%3D7c2ff5af08
09:25:09	Warning: 	File has moved from https://themepanthers.com/wp/creote/v-new/product-category/coaching/page/1/?add_to_wishlist=2652%26_wpnonce%3D7c2ff5af08 to https://themepanthers.com/wp/creote/v-new/product-category/coaching/?add_to_wishlist=2652%26_wpnonce%3D7c2ff5af08
09:25:09	Warning: 	Moved Permanently for https://themepanthers.com/wp/creote/v-new/product-category/coaching/page/1/?add_to_wishlist=2650%26_wpnonce%3D7c2ff5af08
09:25:09	Warning: 	File has moved from https://themepanthers.com/wp/creote/v-new/product-category/coaching/page/1/?add_to_wishlist=2650%26_wpnonce%3D7c2ff5af08 to https://themepanthers.com/wp/creote/v-new/product-category/coaching/?add_to_wishlist=2650%26_wpnonce%3D7c2ff5af08
09:25:11	Warning: 	Moved Permanently for https://themepanthers.com/wp/creote/v-new/product-category/coaching/page/1/?add_to_wishlist=2635%26_wpnonce%3D7c2ff5af08
09:25:11	Warning: 	File has moved from https://themepanthers.com/wp/creote/v-new/product-category/coaching/page/1/?add_to_wishlist=2635%26_wpnonce%3D7c2ff5af08 to https://themepanthers.com/wp/creote/v-new/product-category/coaching/?add_to_wishlist=2635%26_wpnonce%3D7c2ff5af08
09:25:13	Warning: 	Moved Permanently for https://themepanthers.com/wp/creote/v-new/product-category/coaching/page/1/?add_to_wishlist=2664%26_wpnonce%3D7c2ff5af08
09:25:13	Warning: 	File has moved from https://themepanthers.com/wp/creote/v-new/product-category/coaching/page/1/?add_to_wishlist=2664%26_wpnonce%3D7c2ff5af08 to https://themepanthers.com/wp/creote/v-new/product-category/coaching/?add_to_wishlist=2664%26_wpnonce%3D7c2ff5af08
09:25:15	Warning: 	Moved Permanently for https://themepanthers.com/wp/creote/v-new/product-category/coaching/page/1/?add_to_wishlist=2665%26_wpnonce%3D7c2ff5af08
09:25:15	Warning: 	File has moved from https://themepanthers.com/wp/creote/v-new/product-category/coaching/page/1/?add_to_wishlist=2665%26_wpnonce%3D7c2ff5af08 to https://themepanthers.com/wp/creote/v-new/product-category/coaching/?add_to_wishlist=2665%26_wpnonce%3D7c2ff5af08
09:25:15	Warning: 	Moved Permanently for https://themepanthers.com/wp/creote/v-new/product-category/coaching/page/1/?add_to_wishlist=2662%26_wpnonce%3D7c2ff5af08
09:25:15	Warning: 	File has moved from https://themepanthers.com/wp/creote/v-new/product-category/coaching/page/1/?add_to_wishlist=2662%26_wpnonce%3D7c2ff5af08 to https://themepanthers.com/wp/creote/v-new/product-category/coaching/?add_to_wishlist=2662%26_wpnonce%3D7c2ff5af08
09:25:17	Warning: 	Moved Permanently for https://themepanthers.com/wp/creote/v-new/product-category/furniture/page/1/?add_to_wishlist=3969%26_wpnonce%3D7c2ff5af08
09:25:17	Warning: 	File has moved from https://themepanthers.com/wp/creote/v-new/product-category/furniture/page/1/?add_to_wishlist=3969%26_wpnonce%3D7c2ff5af08 to https://themepanthers.com/wp/creote/v-new/product-category/furniture/?add_to_wishlist=3969%26_wpnonce%3D7c2ff5af08
09:25:18	Warning: 	Moved Permanently for https://themepanthers.com/wp/creote/v-new/product-category/furniture/page/1/?add_to_wishlist=3976%26_wpnonce%3D7c2ff5af08
09:25:18	Warning: 	File has moved from https://themepanthers.com/wp/creote/v-new/product-category/furniture/page/1/?add_to_wishlist=3976%26_wpnonce%3D7c2ff5af08 to https://themepanthers.com/wp/creote/v-new/product-category/furniture/?add_to_wishlist=3976%26_wpnonce%3D7c2ff5af08
09:25:20	Warning: 	Moved Permanently for https://themepanthers.com/wp/creote/v-new/product-category/furniture/page/1/?add_to_wishlist=3951%26_wpnonce%3D7c2ff5af08
09:25:20	Warning: 	File has moved from https://themepanthers.com/wp/creote/v-new/product-category/furniture/page/1/?add_to_wishlist=3951%26_wpnonce%3D7c2ff5af08 to https://themepanthers.com/wp/creote/v-new/product-category/furniture/?add_to_wishlist=3951%26_wpnonce%3D7c2ff5af08
09:25:21	Warning: 	Moved Permanently for https://themepanthers.com/wp/creote/v-new/product-category/furniture/page/1/?add_to_wishlist=3973%26_wpnonce%3D7c2ff5af08
09:25:21	Warning: 	File has moved from https://themepanthers.com/wp/creote/v-new/product-category/furniture/page/1/?add_to_wishlist=3973%26_wpnonce%3D7c2ff5af08 to https://themepanthers.com/wp/creote/v-new/product-category/furniture/?add_to_wishlist=3973%26_wpnonce%3D7c2ff5af08
09:25:23	Warning: 	Moved Permanently for https://themepanthers.com/wp/creote/v-new/product-category/furniture/page/1/?add_to_wishlist=3967%26_wpnonce%3D7c2ff5af08
09:25:23	Warning: 	File has moved from https://themepanthers.com/wp/creote/v-new/product-category/furniture/page/1/?add_to_wishlist=3967%26_wpnonce%3D7c2ff5af08 to https://themepanthers.com/wp/creote/v-new/product-category/furniture/?add_to_wishlist=3967%26_wpnonce%3D7c2ff5af08
09:25:30	Warning: 	Moved Permanently for https://themepanthers.com/wp/creote/v-new/product-category/employee-relation/page/1/?add_to_wishlist=2635%26_wpnonce%3D7c2ff5af08
09:25:30	Warning: 	File has moved from https://themepanthers.com/wp/creote/v-new/product-category/employee-relation/page/1/?add_to_wishlist=2635%26_wpnonce%3D7c2ff5af08 to https://themepanthers.com/wp/creote/v-new/product-category/employee-relation/?add_to_wishlist=2635%26_wpnonce%3D7c2ff5af08
09:25:30	Warning: 	Moved Permanently for https://themepanthers.com/wp/creote/v-new/product-category/employee-relation/page/1/?add_to_wishlist=2663%26_wpnonce%3D7c2ff5af08
09:25:30	Warning: 	File has moved from https://themepanthers.com/wp/creote/v-new/product-category/employee-relation/page/1/?add_to_wishlist=2663%26_wpnonce%3D7c2ff5af08 to https://themepanthers.com/wp/creote/v-new/product-category/employee-relation/?add_to_wishlist=2663%26_wpnonce%3D7c2ff5af08
09:25:31	Warning: 	Moved Permanently for https://themepanthers.com/wp/creote/v-new/product-category/employee-relation/page/1/?add_to_wishlist=2664%26_wpnonce%3D7c2ff5af08
09:25:31	Warning: 	File has moved from https://themepanthers.com/wp/creote/v-new/product-category/employee-relation/page/1/?add_to_wishlist=2664%26_wpnonce%3D7c2ff5af08 to https://themepanthers.com/wp/creote/v-new/product-category/employee-relation/?add_to_wishlist=2664%26_wpnonce%3D7c2ff5af08
09:25:32	Warning: 	Moved Permanently for https://themepanthers.com/wp/creote/v-new/product-category/employee-relation/page/1/?add_to_wishlist=2662%26_wpnonce%3D7c2ff5af08
09:25:32	Warning: 	File has moved from https://themepanthers.com/wp/creote/v-new/product-category/employee-relation/page/1/?add_to_wishlist=2662%26_wpnonce%3D7c2ff5af08 to https://themepanthers.com/wp/creote/v-new/product-category/employee-relation/?add_to_wishlist=2662%26_wpnonce%3D7c2ff5af08
09:25:35	Warning: 	Moved Permanently for https://themepanthers.com/wp/creote/v-new/product-category/hr-consulting/page/1/?add_to_wishlist=2635%26_wpnonce%3D7c2ff5af08
09:25:35	Warning: 	File has moved from https://themepanthers.com/wp/creote/v-new/product-category/hr-consulting/page/1/?add_to_wishlist=2635%26_wpnonce%3D7c2ff5af08 to https://themepanthers.com/wp/creote/v-new/product-category/hr-consulting/?add_to_wishlist=2635%26_wpnonce%3D7c2ff5af08
09:25:35	Warning: 	Moved Permanently for https://themepanthers.com/wp/creote/v-new/product-category/hr-consulting/page/1/?add_to_wishlist=2660%26_wpnonce%3D7c2ff5af08
09:25:35	Warning: 	File has moved from https://themepanthers.com/wp/creote/v-new/product-category/hr-consulting/page/1/?add_to_wishlist=2660%26_wpnonce%3D7c2ff5af08 to https://themepanthers.com/wp/creote/v-new/product-category/hr-consulting/?add_to_wishlist=2660%26_wpnonce%3D7c2ff5af08
09:25:37	Warning: 	Moved Permanently for https://themepanthers.com/wp/creote/v-new/product-category/hr-consulting/page/1/?add_to_wishlist=2663%26_wpnonce%3D7c2ff5af08
09:25:37	Warning: 	File has moved from https://themepanthers.com/wp/creote/v-new/product-category/hr-consulting/page/1/?add_to_wishlist=2663%26_wpnonce%3D7c2ff5af08 to https://themepanthers.com/wp/creote/v-new/product-category/hr-consulting/?add_to_wishlist=2663%26_wpnonce%3D7c2ff5af08
09:25:38	Warning: 	Moved Permanently for https://themepanthers.com/wp/creote/v-new/product-category/hr-consulting/page/1/?add_to_wishlist=2661%26_wpnonce%3D7c2ff5af08
09:25:38	Warning: 	File has moved from https://themepanthers.com/wp/creote/v-new/product-category/hr-consulting/page/1/?add_to_wishlist=2661%26_wpnonce%3D7c2ff5af08 to https://themepanthers.com/wp/creote/v-new/product-category/hr-consulting/?add_to_wishlist=2661%26_wpnonce%3D7c2ff5af08
09:25:39	Warning: 	Moved Permanently for https://themepanthers.com/wp/creote/v-new/product-category/small-business-hr/page/1/?add_to_wishlist=2660%26_wpnonce%3D7c2ff5af08
09:25:39	Warning: 	File has moved from https://themepanthers.com/wp/creote/v-new/product-category/small-business-hr/page/1/?add_to_wishlist=2660%26_wpnonce%3D7c2ff5af08 to https://themepanthers.com/wp/creote/v-new/product-category/small-business-hr/?add_to_wishlist=2660%26_wpnonce%3D7c2ff5af08
09:25:40	Warning: 	Moved Permanently for https://themepanthers.com/wp/creote/v-new/product-category/small-business-hr/page/1/?add_to_wishlist=2663%26_wpnonce%3D7c2ff5af08
09:25:40	Warning: 	File has moved from https://themepanthers.com/wp/creote/v-new/product-category/small-business-hr/page/1/?add_to_wishlist=2663%26_wpnonce%3D7c2ff5af08 to https://themepanthers.com/wp/creote/v-new/product-category/small-business-hr/?add_to_wishlist=2663%26_wpnonce%3D7c2ff5af08
09:25:42	Warning: 	Moved Permanently for https://themepanthers.com/wp/creote/v-new/product-category/small-business-hr/page/1/?add_to_wishlist=2665%26_wpnonce%3D7c2ff5af08
09:25:42	Warning: 	File has moved from https://themepanthers.com/wp/creote/v-new/product-category/small-business-hr/page/1/?add_to_wishlist=2665%26_wpnonce%3D7c2ff5af08 to https://themepanthers.com/wp/creote/v-new/product-category/small-business-hr/?add_to_wishlist=2665%26_wpnonce%3D7c2ff5af08
09:25:43	Warning: 	Moved Permanently for https://themepanthers.com/wp/creote/v-new/product-category/small-business-hr/page/1/?add_to_wishlist=2662%26_wpnonce%3D7c2ff5af08
09:25:43	Warning: 	File has moved from https://themepanthers.com/wp/creote/v-new/product-category/small-business-hr/page/1/?add_to_wishlist=2662%26_wpnonce%3D7c2ff5af08 to https://themepanthers.com/wp/creote/v-new/product-category/small-business-hr/?add_to_wishlist=2662%26_wpnonce%3D7c2ff5af08
09:25:43	Warning: 	Moved Permanently for https://themepanthers.com/wp/creote/v-new/product-category/small-business-hr/page/1/?add_to_wishlist=2661%26_wpnonce%3D7c2ff5af08
09:25:43	Warning: 	File has moved from https://themepanthers.com/wp/creote/v-new/product-category/small-business-hr/page/1/?add_to_wishlist=2661%26_wpnonce%3D7c2ff5af08 to https://themepanthers.com/wp/creote/v-new/product-category/small-business-hr/?add_to_wishlist=2661%26_wpnonce%3D7c2ff5af08

HTTrack Website Copier/3.49-2 mirror complete in 24 minutes 0 seconds : 1912 links scanned, 1683 files written (292974862 bytes overall) [80143542 bytes received at 55655 bytes/sec], 262609100 bytes transferred using HTTP compression in 1509 files, ratio 17%, 5.5 requests per connection
(18 errors, 420 warnings, 0 messages)
